"July 09, 2016 at 10:57AM",entered,"https://maps.google.com/?q=42.328037311538246,-71.09837415641404&z=19"
"July 09, 2016 at 12:05PM",exited,"https://maps.google.com/?q=42.328037311538246,-71.09837415641404&z=19"
"July 09, 2016 at 09:19PM",entered,"https://maps.google.com/?q=42.328037311538246,-71.09837415641404&z=19"
"July 09, 2016 at 09:21PM",exited,"https://maps.google.com/?q=42.328037311538246,-71.09837415641404&z=19"
"July 10, 2016 at 12:50PM",entered,"https://maps.google.com/?q=42.328037311538246,-71.09837415641404&z=19"
"July 10, 2016 at 12:50PM",exited,"https://maps.google.com/?q=42.328037311538246,-71.09837415641404&z=19"
"July 10, 2016 at 12:59PM",entered,"https://maps.google.com/?q=42.328037311538246,-71.09837415641404&z=19"
"July 10, 2016 at 01:19PM",exited,"https://maps.google.com/?q=42.328037311538246,-71.09837415641404&z=19"
"July 10, 2016 at 11:36PM",exited,"https://maps.google.com/?q=42.328037311538246,-71.09837415641404&z=19"
"July 11, 2016 at 01:06AM",entered,"https://maps.google.com/?q=42.328037311538246,-71.09837415641404&z=19"
"July 11, 2016 at 01:21AM",exited,"https://maps.google.com/?q=42.328037311538246,-71.09837415641404&z=19"
"July 11, 2016 at 01:49AM",entered,"https://maps.google.com/?q=42.328037311538246,-71.09837415641404&z=19"
"July 11, 2016 at 02:49AM",exited,"https://maps.google.com/?q=42.328037311538246,-71.09837415641404&z=19"
"July 11, 2016 at 03:33AM",entered,"https://maps.google.com/?q=42.328037311538246,-71.09837415641404&z=19"
"July 11, 2016 at 04:15AM",exited,"https://maps.google.com/?q=42.328037311538246,-71.09837415641404&z=19"
"July 11, 2016 at 04:42AM",entered,"https://maps.google.com/?q=42.328037311538246,-71.09837415641404&z=19"
"July 11, 2016 at 05:43AM",exited,"https://maps.google.com/?q=42.328037311538246,-71.09837415641404&z=19"
"July 11, 2016 at 07:14AM",entered,"https://maps.google.com/?q=42.328037311538246,-71.09837415641404&z=19"
"July 11, 2016 at 07:15AM",exited,"https://maps.google.com/?q=42.328037311538246,-71.09837415641404&z=19"
"July 11, 2016 at 08:39AM",entered,"https://maps.google.com/?q=42.328037311538246,-71.09837415641404&z=19"
"July 11, 2016 at 09:15AM",exited,"https://maps.google.com/?q=42.328037311538246,-71.09837415641404&z=19"
"July 11, 2016 at 07:03PM",entered,"https://maps.google.com/?q=42.328037311538246,-71.09837415641404&z=19"
"July 11, 2016 at 09:00PM",exited,"https://maps.google.com/?q=42.328037311538246,-71.09837415641404&z=19"
"July 14, 2016 at 06:54PM",entered,"https://maps.google.com/?q=42.328037311538246,-71.09837415641404&z=19"
"July 14, 2016 at 08:02PM",exited,"https://maps.google.com/?q=42.328037311538246,-71.09837415641404&z=19"
"July 18, 2016 at 06:57PM",entered,"https://maps.google.com/?q=42.328037311538246,-71.09837415641404&z=19"
"July 18, 2016 at 08:17PM",exited,"https://maps.google.com/?q=42.328037311538246,-71.09837415641404&z=19"
"July 19, 2016 at 06:59PM",entered,"https://maps.google.com/?q=42.328037311538246,-71.09837415641404&z=19"
"July 19, 2016 at 08:06PM",exited,"https://maps.google.com/?q=42.328037311538246,-71.09837415641404&z=19"
"July 21, 2016 at 06:57PM",entered,"https://maps.google.com/?q=42.328037311538246,-71.09837415641404&z=19"
"July 21, 2016 at 08:06PM",exited,"https://maps.google.com/?q=42.328037311538246,-71.09837415641404&z=19"
"July 23, 2016 at 04:04PM",exited,"https://maps.google.com/?q=42.328037311538246,-71.09837415641404&z=19"
"July 23, 2016 at 03:45PM",entered,"https://maps.google.com/?q=42.328037311538246,-71.09837415641404&z=19"
"August 14, 2016 at 10:42PM",exited,"https://maps.google.com/?q=42.328037311538246,-71.09837415641404&z=19"
"August 14, 2016 at 10:55PM",entered,"https://maps.google.com/?q=42.328037311538246,-71.09837415641404&z=19"
"August 14, 2016 at 11:13PM",exited,"https://maps.google.com/?q=42.328037311538246,-71.09837415641404&z=19"
"August 16, 2016 at 06:57PM",entered,"https://maps.google.com/?q=42.328037311538246,-71.09837415641404&z=19"
"August 16, 2016 at 08:13PM",exited,"https://maps.google.com/?q=42.328037311538246,-71.09837415641404&z=19"
"August 17, 2016 at 06:58PM",entered,"https://maps.google.com/?q=42.328037311538246,-71.09837415641404&z=19"
"August 17, 2016 at 08:05PM",exited,"https://maps.google.com/?q=42.328037311538246,-71.09837415641404&z=19"
"August 18, 2016 at 06:56PM",entered,"https://maps.google.com/?q=42.328037311538246,-71.09837415641404&z=19"
"August 18, 2016 at 08:11PM",exited,"https://maps.google.com/?q=42.328037311538246,-71.09837415641404&z=19"
"August 19, 2016 at 07:19PM",entered,"https://maps.google.com/?q=42.328037311538246,-71.09837415641404&z=19"
"August 19, 2016 at 08:10PM",entered,"https://maps.google.com/?q=42.328037311538246,-71.09837415641404&z=19"
"August 19, 2016 at 10:08PM",exited,"https://maps.google.com/?q=42.328037311538246,-71.09837415641404&z=19"
"August 19, 2016 at 10:28PM",entered,"https://maps.google.com/?q=42.328037311538246,-71.09837415641404&z=19"
"August 19, 2016 at 11:28PM",exited,"https://maps.google.com/?q=42.328037311538246,-71.09837415641404&z=19"
"August 19, 2016 at 11:57PM",entered,"https://maps.google.com/?q=42.328037311538246,-71.09837415641404&z=19"
"August 20, 2016 at 12:58AM",exited,"https://maps.google.com/?q=42.328037311538246,-71.09837415641404&z=19"
"August 20, 2016 at 01:25AM",entered,"https://maps.google.com/?q=42.328037311538246,-71.09837415641404&z=19"
"August 20, 2016 at 02:13AM",exited,"https://maps.google.com/?q=42.328037311538246,-71.09837415641404&z=19"
"August 20, 2016 at 02:32AM",entered,"https://maps.google.com/?q=42.328037311538246,-71.09837415641404&z=19"
"August 20, 2016 at 08:56AM",exited,"https://maps.google.com/?q=42.328037311538246,-71.09837415641404&z=19"
"August 20, 2016 at 04:15PM",exited,"https://maps.google.com/?q=42.328037311538246,-71.09837415641404&z=19"
"August 20, 2016 at 04:59PM",entered,"https://maps.google.com/?q=42.328037311538246,-71.09837415641404&z=19"
"August 20, 2016 at 06:51PM",exited,"https://maps.google.com/?q=42.328037311538246,-71.09837415641404&z=19"
"August 20, 2016 at 11:14PM",entered,"https://maps.google.com/?q=42.328037311538246,-71.09837415641404&z=19"
"August 21, 2016 at 01:57PM",exited,"https://maps.google.com/?q=42.328037311538246,-71.09837415641404&z=19"
"August 22, 2016 at 06:56PM",entered,"https://maps.google.com/?q=42.328037311538246,-71.09837415641404&z=19"
"August 22, 2016 at 08:11PM",exited,"https://maps.google.com/?q=42.328037311538246,-71.09837415641404&z=19"
"August 24, 2016 at 06:23PM",entered,"https://maps.google.com/?q=42.328037311538246,-71.09837415641404&z=19"
"August 24, 2016 at 08:26PM",exited,"https://maps.google.com/?q=42.328037311538246,-71.09837415641404&z=19"
"August 27, 2016 at 02:52AM",entered,"https://maps.google.com/?q=42.328037311538246,-71.09837415641404&z=19"
"August 30, 2016 at 06:57PM",entered,"https://maps.google.com/?q=42.328037311538246,-71.09837415641404&z=19"
"August 30, 2016 at 08:06PM",exited,"https://maps.google.com/?q=42.328037311538246,-71.09837415641404&z=19"
"August 31, 2016 at 07:00PM",entered,"https://maps.google.com/?q=42.328037311538246,-71.09837415641404&z=19"
"August 31, 2016 at 08:08PM",exited,"https://maps.google.com/?q=42.328037311538246,-71.09837415641404&z=19"
"September 01, 2016 at 06:57PM",entered,"https://maps.google.com/?q=42.328037311538246,-71.09837415641404&z=19"
"September 01, 2016 at 08:05PM",exited,"https://maps.google.com/?q=42.328037311538246,-71.09837415641404&z=19"
"September 05, 2016 at 01:46AM",entered,"https://maps.google.com/?q=42.328037311538246,-71.09837415641404&z=19"
"September 05, 2016 at 10:55AM",exited,"https://maps.google.com/?q=42.328037311538246,-71.09837415641404&z=19"
"September 05, 2016 at 11:28AM",entered,"https://maps.google.com/?q=42.328037311538246,-71.09837415641404&z=19"
"September 05, 2016 at 11:31PM",exited,"https://maps.google.com/?q=42.328037311538246,-71.09837415641404&z=19"
"September 05, 2016 at 11:46PM",entered,"https://maps.google.com/?q=42.328037311538246,-71.09837415641404&z=19"
"September 06, 2016 at 12:47AM",exited,"https://maps.google.com/?q=42.328037311538246,-71.09837415641404&z=19"
"September 06, 2016 at 01:17AM",entered,"https://maps.google.com/?q=42.328037311538246,-71.09837415641404&z=19"
"September 06, 2016 at 04:03AM",exited,"https://maps.google.com/?q=42.328037311538246,-71.09837415641404&z=19"
"September 06, 2016 at 04:31AM",entered,"https://maps.google.com/?q=42.328037311538246,-71.09837415641404&z=19"
"September 06, 2016 at 05:05PM",exited,"https://maps.google.com/?q=42.328037311538246,-71.09837415641404&z=19"
"September 07, 2016 at 11:08PM",exited,"https://maps.google.com/?q=42.328037311538246,-71.09837415641404&z=19"
"September 07, 2016 at 01:05PM",entered,"https://maps.google.com/?q=42.328037311538246,-71.09837415641404&z=19"
"September 08, 2016 at 06:55PM",entered,"https://maps.google.com/?q=42.328037311538246,-71.09837415641404&z=19"
"September 08, 2016 at 08:09PM",exited,"https://maps.google.com/?q=42.328037311538246,-71.09837415641404&z=19"
"September 12, 2016 at 06:57PM",entered,"https://maps.google.com/?q=42.328037311538246,-71.09837415641404&z=19"
"September 12, 2016 at 08:17PM",exited,"https://maps.google.com/?q=42.328037311538246,-71.09837415641404&z=19"
"September 13, 2016 at 06:58PM",entered,"https://maps.google.com/?q=42.328037311538246,-71.09837415641404&z=19"
"September 13, 2016 at 08:02PM",exited,"https://maps.google.com/?q=42.328037311538246,-71.09837415641404&z=19"
"September 14, 2016 at 06:58PM",entered,"https://maps.google.com/?q=42.328037311538246,-71.09837415641404&z=19"
"September 14, 2016 at 08:16PM",exited,"https://maps.google.com/?q=42.328037311538246,-71.09837415641404&z=19"
"September 19, 2016 at 01:08AM",exited,"https://maps.google.com/?q=42.328037311538246,-71.09837415641404&z=19"
"September 19, 2016 at 03:24AM",entered,"https://maps.google.com/?q=42.328037311538246,-71.09837415641404&z=19"
"September 19, 2016 at 08:37AM",exited,"https://maps.google.com/?q=42.328037311538246,-71.09837415641404&z=19"
"September 19, 2016 at 09:30AM",entered,"https://maps.google.com/?q=42.328037311538246,-71.09837415641404&z=19"
"September 19, 2016 at 10:08AM",exited,"https://maps.google.com/?q=42.328037311538246,-71.09837415641404&z=19"
"September 19, 2016 at 10:44AM",entered,"https://maps.google.com/?q=42.328037311538246,-71.09837415641404&z=19"
"September 19, 2016 at 03:28PM",exited,"https://maps.google.com/?q=42.328037311538246,-71.09837415641404&z=19"
"September 20, 2016 at 11:19PM",entered,"https://maps.google.com/?q=42.328037311538246,-71.09837415641404&z=19"
"September 20, 2016 at 11:23PM",exited,"https://maps.google.com/?q=42.328037311538246,-71.09837415641404&z=19"
"September 20, 2016 at 11:54PM",entered,"https://maps.google.com/?q=42.328037311538246,-71.09837415641404&z=19"
"September 21, 2016 at 01:37AM",exited,"https://maps.google.com/?q=42.328037311538246,-71.09837415641404&z=19"
"September 21, 2016 at 02:01AM",entered,"https://maps.google.com/?q=42.328037311538246,-71.09837415641404&z=19"
"September 21, 2016 at 02:58AM",exited,"https://maps.google.com/?q=42.328037311538246,-71.09837415641404&z=19"
"September 21, 2016 at 03:18AM",entered,"https://maps.google.com/?q=42.328037311538246,-71.09837415641404&z=19"
"September 21, 2016 at 04:31AM",exited,"https://maps.google.com/?q=42.328037311538246,-71.09837415641404&z=19"
"September 21, 2016 at 05:24AM",entered,"https://maps.google.com/?q=42.328037311538246,-71.09837415641404&z=19"
"September 21, 2016 at 06:38AM",exited,"https://maps.google.com/?q=42.328037311538246,-71.09837415641404&z=19"
"September 21, 2016 at 07:14AM",entered,"https://maps.google.com/?q=42.328037311538246,-71.09837415641404&z=19"
"September 21, 2016 at 11:38PM",exited,"https://maps.google.com/?q=42.328037311538246,-71.09837415641404&z=19"
"September 21, 2016 at 11:50PM",entered,"https://maps.google.com/?q=42.328037311538246,-71.09837415641404&z=19"
"September 21, 2016 at 11:51PM",exited,"https://maps.google.com/?q=42.328037311538246,-71.09837415641404&z=19"
"September 21, 2016 at 11:51PM",entered,"https://maps.google.com/?q=42.328037311538246,-71.09837415641404&z=19"
"September 21, 2016 at 11:51PM",exited,"https://maps.google.com/?q=42.328037311538246,-71.09837415641404&z=19"
"September 21, 2016 at 11:52PM",entered,"https://maps.google.com/?q=42.328037311538246,-71.09837415641404&z=19"
"September 21, 2016 at 11:53PM",exited,"https://maps.google.com/?q=42.328037311538246,-71.09837415641404&z=19"
"September 21, 2016 at 11:54PM",entered,"https://maps.google.com/?q=42.328037311538246,-71.09837415641404&z=19"
"September 21, 2016 at 11:54PM",exited,"https://maps.google.com/?q=42.328037311538246,-71.09837415641404&z=19"
"September 22, 2016 at 12:18AM",entered,"https://maps.google.com/?q=42.328037311538246,-71.09837415641404&z=19"
"September 22, 2016 at 01:06AM",exited,"https://maps.google.com/?q=42.328037311538246,-71.09837415641404&z=19"
"September 22, 2016 at 01:27AM",entered,"https://maps.google.com/?q=42.328037311538246,-71.09837415641404&z=19"
"September 22, 2016 at 02:19AM",exited,"https://maps.google.com/?q=42.328037311538246,-71.09837415641404&z=19"
"September 22, 2016 at 02:46AM",entered,"https://maps.google.com/?q=42.328037311538246,-71.09837415641404&z=19"
"September 22, 2016 at 04:47AM",exited,"https://maps.google.com/?q=42.328037311538246,-71.09837415641404&z=19"
"September 22, 2016 at 05:12AM",entered,"https://maps.google.com/?q=42.328037311538246,-71.09837415641404&z=19"
"September 22, 2016 at 06:12AM",exited,"https://maps.google.com/?q=42.328037311538246,-71.09837415641404&z=19"
"September 22, 2016 at 06:42AM",entered,"https://maps.google.com/?q=42.328037311538246,-71.09837415641404&z=19"
"September 22, 2016 at 07:41AM",exited,"https://maps.google.com/?q=42.328037311538246,-71.09837415641404&z=19"
"September 22, 2016 at 08:11AM",entered,"https://maps.google.com/?q=42.328037311538246,-71.09837415641404&z=19"
"September 22, 2016 at 09:07AM",exited,"https://maps.google.com/?q=42.328037311538246,-71.09837415641404&z=19"
"September 22, 2016 at 09:17AM",entered,"https://maps.google.com/?q=42.328037311538246,-71.09837415641404&z=19"
"September 24, 2016 at 12:35AM",exited,"https://maps.google.com/?q=42.328037311538246,-71.09837415641404&z=19"
"September 24, 2016 at 01:19AM",entered,"https://maps.google.com/?q=42.328037311538246,-71.09837415641404&z=19"
"September 24, 2016 at 01:53AM",exited,"https://maps.google.com/?q=42.328037311538246,-71.09837415641404&z=19"
"September 24, 2016 at 02:21AM",entered,"https://maps.google.com/?q=42.328037311538246,-71.09837415641404&z=19"
"September 24, 2016 at 03:52AM",exited,"https://maps.google.com/?q=42.328037311538246,-71.09837415641404&z=19"
"September 24, 2016 at 04:13AM",entered,"https://maps.google.com/?q=42.328037311538246,-71.09837415641404&z=19"
"September 24, 2016 at 06:28AM",exited,"https://maps.google.com/?q=42.328037311538246,-71.09837415641404&z=19"
"September 24, 2016 at 06:30AM",entered,"https://maps.google.com/?q=42.328037311538246,-71.09837415641404&z=19"
"September 24, 2016 at 06:30AM",exited,"https://maps.google.com/?q=42.328037311538246,-71.09837415641404&z=19"
"September 24, 2016 at 06:52AM",entered,"https://maps.google.com/?q=42.328037311538246,-71.09837415641404&z=19"
"September 24, 2016 at 07:47AM",exited,"https://maps.google.com/?q=42.328037311538246,-71.09837415641404&z=19"
"September 24, 2016 at 08:17AM",entered,"https://maps.google.com/?q=42.328037311538246,-71.09837415641404&z=19"
"September 24, 2016 at 09:03AM",exited,"https://maps.google.com/?q=42.328037311538246,-71.09837415641404&z=19"
"September 25, 2016 at 03:06PM",exited,"https://maps.google.com/?q=42.328037311538246,-71.09837415641404&z=19"
"September 25, 2016 at 05:43PM",entered,"https://maps.google.com/?q=42.328037311538246,-71.09837415641404&z=19"
"September 25, 2016 at 09:42PM",exited,"https://maps.google.com/?q=42.328037311538246,-71.09837415641404&z=19"
"September 25, 2016 at 10:51PM",entered,"https://maps.google.com/?q=42.328037311538246,-71.09837415641404&z=19"
"September 26, 2016 at 01:58AM",exited,"https://maps.google.com/?q=42.328037311538246,-71.09837415641404&z=19"
"September 26, 2016 at 02:15AM",entered,"https://maps.google.com/?q=42.328037311538246,-71.09837415641404&z=19"
"September 26, 2016 at 02:16AM",exited,"https://maps.google.com/?q=42.328037311538246,-71.09837415641404&z=19"
"September 26, 2016 at 03:03AM",entered,"https://maps.google.com/?q=42.328037311538246,-71.09837415641404&z=19"
"September 26, 2016 at 03:33AM",exited,"https://maps.google.com/?q=42.328037311538246,-71.09837415641404&z=19"
"September 26, 2016 at 04:02AM",entered,"https://maps.google.com/?q=42.328037311538246,-71.09837415641404&z=19"
"September 26, 2016 at 05:02AM",exited,"https://maps.google.com/?q=42.328037311538246,-71.09837415641404&z=19"
"September 26, 2016 at 05:32AM",entered,"https://maps.google.com/?q=42.328037311538246,-71.09837415641404&z=19"
"September 26, 2016 at 06:18AM",exited,"https://maps.google.com/?q=42.328037311538246,-71.09837415641404&z=19"
"September 26, 2016 at 06:18AM",entered,"https://maps.google.com/?q=42.328037311538246,-71.09837415641404&z=19"
"September 26, 2016 at 06:18AM",exited,"https://maps.google.com/?q=42.328037311538246,-71.09837415641404&z=19"
"September 26, 2016 at 06:47AM",entered,"https://maps.google.com/?q=42.328037311538246,-71.09837415641404&z=19"
"September 26, 2016 at 07:46AM",exited,"https://maps.google.com/?q=42.328037311538246,-71.09837415641404&z=19"
"September 26, 2016 at 08:10AM",entered,"https://maps.google.com/?q=42.328037311538246,-71.09837415641404&z=19"
"September 26, 2016 at 08:48AM",entered,"https://maps.google.com/?q=42.328037311538246,-71.09837415641404&z=19"
"September 26, 2016 at 09:01AM",exited,"https://maps.google.com/?q=42.328037311538246,-71.09837415641404&z=19"
"September 26, 2016 at 09:53AM",entered,"https://maps.google.com/?q=42.328037311538246,-71.09837415641404&z=19"
"September 26, 2016 at 10:16AM",exited,"https://maps.google.com/?q=42.328037311538246,-71.09837415641404&z=19"
"September 26, 2016 at 10:36AM",entered,"https://maps.google.com/?q=42.328037311538246,-71.09837415641404&z=19"
"September 28, 2016 at 12:34AM",exited,"https://maps.google.com/?q=42.328037311538246,-71.09837415641404&z=19"
"September 28, 2016 at 01:03AM",entered,"https://maps.google.com/?q=42.328037311538246,-71.09837415641404&z=19"
"September 28, 2016 at 01:48AM",exited,"https://maps.google.com/?q=42.328037311538246,-71.09837415641404&z=19"
"September 28, 2016 at 02:29AM",entered,"https://maps.google.com/?q=42.328037311538246,-71.09837415641404&z=19"
"September 28, 2016 at 03:14AM",exited,"https://maps.google.com/?q=42.328037311538246,-71.09837415641404&z=19"
"September 28, 2016 at 03:15AM",entered,"https://maps.google.com/?q=42.328037311538246,-71.09837415641404&z=19"
"September 28, 2016 at 03:15AM",exited,"https://maps.google.com/?q=42.328037311538246,-71.09837415641404&z=19"
"September 28, 2016 at 03:58AM",entered,"https://maps.google.com/?q=42.328037311538246,-71.09837415641404&z=19"
"September 28, 2016 at 04:51AM",exited,"https://maps.google.com/?q=42.328037311538246,-71.09837415641404&z=19"
"September 28, 2016 at 05:21AM",entered,"https://maps.google.com/?q=42.328037311538246,-71.09837415641404&z=19"
"September 28, 2016 at 06:33AM",exited,"https://maps.google.com/?q=42.328037311538246,-71.09837415641404&z=19"
"September 28, 2016 at 07:00AM",entered,"https://maps.google.com/?q=42.328037311538246,-71.09837415641404&z=19"
"September 28, 2016 at 11:58PM",exited,"https://maps.google.com/?q=42.328037311538246,-71.09837415641404&z=19"
"September 29, 2016 at 06:57PM",entered,"https://maps.google.com/?q=42.328037311538246,-71.09837415641404&z=19"
"September 29, 2016 at 08:10PM",exited,"https://maps.google.com/?q=42.328037311538246,-71.09837415641404&z=19"
"October 03, 2016 at 06:57PM",entered,"https://maps.google.com/?q=42.328037311538246,-71.09837415641404&z=19"
"October 03, 2016 at 08:14PM",exited,"https://maps.google.com/?q=42.328037311538246,-71.09837415641404&z=19"
"October 04, 2016 at 06:57PM",entered,"https://maps.google.com/?q=42.328037311538246,-71.09837415641404&z=19"
"October 04, 2016 at 08:00PM",exited,"https://maps.google.com/?q=42.328037311538246,-71.09837415641404&z=19"
"October 05, 2016 at 06:58PM",entered,"https://maps.google.com/?q=42.328037311538246,-71.09837415641404&z=19"
"October 05, 2016 at 08:01PM",exited,"https://maps.google.com/?q=42.328037311538246,-71.09837415641404&z=19"
"October 10, 2016 at 09:56AM",entered,"https://maps.google.com/?q=42.328037311538246,-71.09837415641404&z=19"
"October 10, 2016 at 11:01AM",exited,"https://maps.google.com/?q=42.328037311538246,-71.09837415641404&z=19"
"October 11, 2016 at 06:58PM",entered,"https://maps.google.com/?q=42.328037311538246,-71.09837415641404&z=19"
"October 11, 2016 at 08:09PM",exited,"https://maps.google.com/?q=42.328037311538246,-71.09837415641404&z=19"
"October 13, 2016 at 06:58PM",entered,"https://maps.google.com/?q=42.328037311538246,-71.09837415641404&z=19"
"October 13, 2016 at 08:10PM",exited,"https://maps.google.com/?q=42.328037311538246,-71.09837415641404&z=19"
"October 17, 2016 at 01:21AM",entered,"https://maps.google.com/?q=42.328037311538246,-71.09837415641404&z=19"
"October 17, 2016 at 02:34AM",exited,"https://maps.google.com/?q=42.328037311538246,-71.09837415641404&z=19"
"October 17, 2016 at 03:10AM",entered,"https://maps.google.com/?q=42.328037311538246,-71.09837415641404&z=19"
"October 17, 2016 at 03:51AM",exited,"https://maps.google.com/?q=42.328037311538246,-71.09837415641404&z=19"
"October 17, 2016 at 04:17AM",entered,"https://maps.google.com/?q=42.328037311538246,-71.09837415641404&z=19"
"October 17, 2016 at 08:48AM",exited,"https://maps.google.com/?q=42.328037311538246,-71.09837415641404&z=19"
"October 17, 2016 at 09:16AM",entered,"https://maps.google.com/?q=42.328037311538246,-71.09837415641404&z=19"
"October 18, 2016 at 11:12PM",exited,"https://maps.google.com/?q=42.328037311538246,-71.09837415641404&z=19"
"October 23, 2016 at 10:48PM",entered,"https://maps.google.com/?q=42.328037311538246,-71.09837415641404&z=19"
"October 24, 2016 at 12:44AM",entered,"https://maps.google.com/?q=42.328037311538246,-71.09837415641404&z=19"
"October 24, 2016 at 09:31AM",exited,"https://maps.google.com/?q=42.328037311538246,-71.09837415641404&z=19"
"October 24, 2016 at 07:10PM",entered,"https://maps.google.com/?q=42.328037311538246,-71.09837415641404&z=19"
"October 24, 2016 at 09:19PM",entered,"https://maps.google.com/?q=42.328037311538246,-71.09837415641404&z=19"
"October 24, 2016 at 09:21PM",exited,"https://maps.google.com/?q=42.328037311538246,-71.09837415641404&z=19"
"October 24, 2016 at 09:22PM",entered,"https://maps.google.com/?q=42.328037311538246,-71.09837415641404&z=19"
"October 24, 2016 at 09:26PM",exited,"https://maps.google.com/?q=42.328037311538246,-71.09837415641404&z=19"
"October 24, 2016 at 10:02PM",entered,"https://maps.google.com/?q=42.328037311538246,-71.09837415641404&z=19"
"October 24, 2016 at 10:28PM",exited,"https://maps.google.com/?q=42.328037311538246,-71.09837415641404&z=19"
"October 24, 2016 at 11:09PM",entered,"https://maps.google.com/?q=42.328037311538246,-71.09837415641404&z=19"
"October 25, 2016 at 12:39AM",exited,"https://maps.google.com/?q=42.328037311538246,-71.09837415641404&z=19"
"October 25, 2016 at 01:09AM",entered,"https://maps.google.com/?q=42.328037311538246,-71.09837415641404&z=19"
"October 25, 2016 at 01:55AM",exited,"https://maps.google.com/?q=42.328037311538246,-71.09837415641404&z=19"
"October 25, 2016 at 02:47AM",entered,"https://maps.google.com/?q=42.328037311538246,-71.09837415641404&z=19"
"October 25, 2016 at 03:17AM",exited,"https://maps.google.com/?q=42.328037311538246,-71.09837415641404&z=19"
"October 25, 2016 at 04:29AM",entered,"https://maps.google.com/?q=42.328037311538246,-71.09837415641404&z=19"
"October 25, 2016 at 04:36AM",exited,"https://maps.google.com/?q=42.328037311538246,-71.09837415641404&z=19"
"October 25, 2016 at 05:34AM",entered,"https://maps.google.com/?q=42.328037311538246,-71.09837415641404&z=19"
"October 25, 2016 at 06:04AM",exited,"https://maps.google.com/?q=42.328037311538246,-71.09837415641404&z=19"
"October 25, 2016 at 06:48AM",entered,"https://maps.google.com/?q=42.328037311538246,-71.09837415641404&z=19"
"October 25, 2016 at 09:04AM",exited,"https://maps.google.com/?q=42.328037311538246,-71.09837415641404&z=19"
"October 25, 2016 at 09:19AM",entered,"https://maps.google.com/?q=42.328037311538246,-71.09837415641404&z=19"
"October 26, 2016 at 11:41AM",exited,"https://maps.google.com/?q=42.328037311538246,-71.09837415641404&z=19"
"October 26, 2016 at 11:42AM",entered,"https://maps.google.com/?q=42.328037311538246,-71.09837415641404&z=19"
"October 26, 2016 at 11:28PM",exited,"https://maps.google.com/?q=42.328037311538246,-71.09837415641404&z=18"
"October 26, 2016 at 11:49PM",entered,"https://maps.google.com/?q=42.328037311538246,-71.09837415641404&z=18"
"October 27, 2016 at 12:20AM",exited,"https://maps.google.com/?q=42.328037311538246,-71.09837415641404&z=18"
"October 27, 2016 at 01:02AM",entered,"https://maps.google.com/?q=42.328037311538246,-71.09837415641404&z=18"
"October 27, 2016 at 01:47AM",exited,"https://maps.google.com/?q=42.328037311538246,-71.09837415641404&z=18"
"October 27, 2016 at 02:14AM",entered,"https://maps.google.com/?q=42.328037311538246,-71.09837415641404&z=18"
"October 27, 2016 at 03:05AM",exited,"https://maps.google.com/?q=42.328037311538246,-71.09837415641404&z=18"
"October 27, 2016 at 03:36AM",entered,"https://maps.google.com/?q=42.328037311538246,-71.09837415641404&z=18"
"October 27, 2016 at 04:13AM",exited,"https://maps.google.com/?q=42.328037311538246,-71.09837415641404&z=18"
"October 27, 2016 at 04:15AM",entered,"https://maps.google.com/?q=42.328037311538246,-71.09837415641404&z=18"
"October 27, 2016 at 04:32AM",entered,"https://maps.google.com/?q=42.328037311538246,-71.09837415641404&z=18"
"October 27, 2016 at 06:56PM",exited,"https://maps.google.com/?q=42.328037311538246,-71.09837415641404&z=18"
"October 27, 2016 at 07:48PM",entered,"https://maps.google.com/?q=42.328037311538246,-71.09837415641404&z=18"
"October 27, 2016 at 08:16PM",exited,"https://maps.google.com/?q=42.328037311538246,-71.09837415641404&z=18"
"October 27, 2016 at 08:29PM",entered,"https://maps.google.com/?q=42.328037311538246,-71.09837415641404&z=18"
"October 28, 2016 at 02:13AM",exited,"https://maps.google.com/?q=42.328037311538246,-71.09837415641404&z=18"
"October 28, 2016 at 02:42AM",entered,"https://maps.google.com/?q=42.328037311538246,-71.09837415641404&z=18"
"October 28, 2016 at 03:28AM",exited,"https://maps.google.com/?q=42.328037311538246,-71.09837415641404&z=18"
"October 28, 2016 at 03:57AM",entered,"https://maps.google.com/?q=42.328037311538246,-71.09837415641404&z=18"
"October 28, 2016 at 04:57AM",exited,"https://maps.google.com/?q=42.328037311538246,-71.09837415641404&z=18"
"October 28, 2016 at 05:22AM",entered,"https://maps.google.com/?q=42.328037311538246,-71.09837415641404&z=18"
"October 28, 2016 at 06:14AM",exited,"https://maps.google.com/?q=42.328037311538246,-71.09837415641404&z=18"
"October 28, 2016 at 06:38AM",entered,"https://maps.google.com/?q=42.328037311538246,-71.09837415641404&z=18"
"October 28, 2016 at 07:51AM",exited,"https://maps.google.com/?q=42.328037311538246,-71.09837415641404&z=18"
"October 28, 2016 at 08:20AM",entered,"https://maps.google.com/?q=42.328037311538246,-71.09837415641404&z=18"
"October 28, 2016 at 09:05AM",exited,"https://maps.google.com/?q=42.328037311538246,-71.09837415641404&z=18"
"October 28, 2016 at 09:14AM",entered,"https://maps.google.com/?q=42.328037311538246,-71.09837415641404&z=18"
"October 30, 2016 at 02:00AM",exited,"https://maps.google.com/?q=42.328037311538246,-71.09837415641404&z=18"
"October 30, 2016 at 02:05AM",entered,"https://maps.google.com/?q=42.328037311538246,-71.09837415641404&z=18"
"October 30, 2016 at 09:30AM",entered,"https://maps.google.com/?q=42.328037311538246,-71.09837415641404&z=18"
"October 30, 2016 at 11:01AM",exited,"https://maps.google.com/?q=42.328037311538246,-71.09837415641404&z=18"
"October 30, 2016 at 11:44AM",entered,"https://maps.google.com/?q=42.328037311538246,-71.09837415641404&z=18"
"October 31, 2016 at 02:35PM",exited,"https://maps.google.com/?q=42.328037311538246,-71.09837415641404&z=18"
"November 01, 2016 at 06:59PM",entered,"https://maps.google.com/?q=42.328037311538246,-71.09837415641404&z=18"
"November 01, 2016 at 08:10PM",exited,"https://maps.google.com/?q=42.328037311538246,-71.09837415641404&z=18"
"November 02, 2016 at 06:59PM",entered,"https://maps.google.com/?q=42.328037311538246,-71.09837415641404&z=18"
"November 02, 2016 at 08:16PM",exited,"https://maps.google.com/?q=42.328037311538246,-71.09837415641404&z=18"
"February 27, 2017 at 07:15PM",entered,"https://maps.google.com/?q=42.3280373115382,-71.098374156414&z=18"
"February 27, 2017 at 11:06PM",exited,"https://maps.google.com/?q=42.3280373115382,-71.098374156414&z=18"
"March 01, 2017 at 08:31PM",entered,"https://maps.google.com/?q=42.3280373115382,-71.098374156414&z=18"
"March 01, 2017 at 09:35PM",exited,"https://maps.google.com/?q=42.3280373115382,-71.098374156414&z=18"
"March 06, 2017 at 06:57PM",entered,"https://maps.google.com/?q=42.3280373115382,-71.098374156414&z=18"
"March 06, 2017 at 08:03PM",exited,"https://maps.google.com/?q=42.3280373115382,-71.098374156414&z=18"
"May 11, 2017 at 06:55PM",entered,"https://maps.google.com/?q=42.3280373115382,-71.098374156414&z=18"
"May 11, 2017 at 08:14PM",exited,"https://maps.google.com/?q=42.3280373115382,-71.098374156414&z=18"
"May 15, 2017 at 06:57PM",entered,"https://maps.google.com/?q=42.3280373115382,-71.098374156414&z=18"
"May 15, 2017 at 08:10PM",exited,"https://maps.google.com/?q=42.3280373115382,-71.098374156414&z=18"
"May 18, 2017 at 06:56PM",entered,"https://maps.google.com/?q=42.3280373115382,-71.098374156414&z=18"
"May 18, 2017 at 08:10PM",exited,"https://maps.google.com/?q=42.3280373115382,-71.098374156414&z=18"
"May 25, 2017 at 06:58PM",entered,"https://maps.google.com/?q=42.3280373115382,-71.098374156414&z=18"
"May 25, 2017 at 08:12PM",exited,"https://maps.google.com/?q=42.3280373115382,-71.098374156414&z=18"
"June 10, 2017 at 10:57AM",entered,"https://maps.google.com/?q=42.3280373115382,-71.098374156414&z=18"
"June 10, 2017 at 12:09PM",exited,"https://maps.google.com/?q=42.3280373115382,-71.098374156414&z=18"
"June 14, 2017 at 06:55PM",entered,"https://maps.google.com/?q=42.3280373115382,-71.098374156414&z=18"
"June 14, 2017 at 08:10PM",exited,"https://maps.google.com/?q=42.3280373115382,-71.098374156414&z=18"
"June 19, 2017 at 07:00PM",entered,"https://maps.google.com/?q=42.3280373115382,-71.098374156414&z=18"
"June 19, 2017 at 08:01PM",exited,"https://maps.google.com/?q=42.3280373115382,-71.098374156414&z=18"
"June 22, 2017 at 06:56PM",entered,"https://maps.google.com/?q=42.3280373115382,-71.098374156414&z=18"
"June 22, 2017 at 08:15PM",exited,"https://maps.google.com/?q=42.3280373115382,-71.098374156414&z=18"
"June 24, 2017 at 10:57AM",entered,"https://maps.google.com/?q=42.3280373115382,-71.098374156414&z=18"
"June 24, 2017 at 12:11PM",exited,"https://maps.google.com/?q=42.3280373115382,-71.098374156414&z=18"
"June 26, 2017 at 06:55PM",entered,"https://maps.google.com/?q=42.3280373115382,-71.098374156414&z=18"
"June 26, 2017 at 08:04PM",exited,"https://maps.google.com/?q=42.3280373115382,-71.098374156414&z=18"
"June 28, 2017 at 06:58PM",entered,"https://maps.google.com/?q=42.3280373115382,-71.098374156414&z=18"
"June 28, 2017 at 08:13PM",exited,"https://maps.google.com/?q=42.3280373115382,-71.098374156414&z=18"
"July 03, 2017 at 05:29PM",entered,"https://maps.google.com/?q=42.3280373115382,-71.098374156414&z=18"
"July 03, 2017 at 06:45PM",exited,"https://maps.google.com/?q=42.3280373115382,-71.098374156414&z=18"
"July 05, 2017 at 06:54PM",entered,"https://maps.google.com/?q=42.3280373115382,-71.098374156414&z=18"
"July 05, 2017 at 08:10PM",exited,"https://maps.google.com/?q=42.3280373115382,-71.098374156414&z=18"
"July 07, 2017 at 05:25PM",entered,"https://maps.google.com/?q=42.3280373115382,-71.098374156414&z=18"
"July 07, 2017 at 06:47PM",exited,"https://maps.google.com/?q=42.3280373115382,-71.098374156414&z=18"
"July 13, 2017 at 06:59PM",entered,"https://maps.google.com/?q=42.3280373115382,-71.098374156414&z=18"
"July 13, 2017 at 08:10PM",exited,"https://maps.google.com/?q=42.3280373115382,-71.098374156414&z=18"
"July 20, 2017 at 07:00PM",entered,"https://maps.google.com/?q=42.3280373115382,-71.098374156414&z=18"
"July 20, 2017 at 08:09PM",exited,"https://maps.google.com/?q=42.3280373115382,-71.098374156414&z=18"
"July 21, 2017 at 05:28PM",entered,"https://maps.google.com/?q=42.3280373115382,-71.098374156414&z=18"
"July 21, 2017 at 06:39PM",exited,"https://maps.google.com/?q=42.3280373115382,-71.098374156414&z=18"
"July 25, 2017 at 06:56PM",entered,"https://maps.google.com/?q=42.3280373115382,-71.098374156414&z=18"
"July 25, 2017 at 08:08PM",exited,"https://maps.google.com/?q=42.3280373115382,-71.098374156414&z=18"
"July 27, 2017 at 06:54PM",entered,"https://maps.google.com/?q=42.3280373115382,-71.098374156414&z=18"
"July 27, 2017 at 08:09PM",exited,"https://maps.google.com/?q=42.3280373115382,-71.098374156414&z=18"
"July 31, 2017 at 06:58PM",entered,"https://maps.google.com/?q=42.3280373115382,-71.098374156414&z=18"
"July 31, 2017 at 08:13PM",exited,"https://maps.google.com/?q=42.3280373115382,-71.098374156414&z=18"
"August 04, 2017 at 05:26PM",entered,"https://maps.google.com/?q=42.3280373115382,-71.098374156414&z=18"
"August 04, 2017 at 06:48PM",exited,"https://maps.google.com/?q=42.3280373115382,-71.098374156414&z=18"
"August 08, 2017 at 05:25PM",entered,"https://maps.google.com/?q=42.3280373115382,-71.098374156414&z=18"
"August 08, 2017 at 06:37PM",exited,"https://maps.google.com/?q=42.3280373115382,-71.098374156414&z=18"
"August 11, 2017 at 05:28PM",entered,"https://maps.google.com/?q=42.3280373115382,-71.098374156414&z=18"
"August 11, 2017 at 06:44PM",exited,"https://maps.google.com/?q=42.3280373115382,-71.098374156414&z=18"
"August 14, 2017 at 06:58PM",entered,"https://maps.google.com/?q=42.3280373115382,-71.098374156414&z=18"
"August 14, 2017 at 08:11PM",exited,"https://maps.google.com/?q=42.3280373115382,-71.098374156414&z=18"
"August 17, 2017 at 05:19PM",entered,"https://maps.google.com/?q=42.3280373115382,-71.098374156414&z=18"
"August 17, 2017 at 06:44PM",exited,"https://maps.google.com/?q=42.3280373115382,-71.098374156414&z=18"
"August 19, 2017 at 10:58AM",entered,"https://maps.google.com/?q=42.3280373115382,-71.098374156414&z=18"
"August 19, 2017 at 12:11PM",exited,"https://maps.google.com/?q=42.3280373115382,-71.098374156414&z=18"
"August 22, 2017 at 05:28PM",entered,"https://maps.google.com/?q=42.3280373115382,-71.098374156414&z=18"
"August 22, 2017 at 06:44PM",exited,"https://maps.google.com/?q=42.3280373115382,-71.098374156414&z=18"
"August 31, 2017 at 04:33PM",exited,"https://maps.google.com/?q=42.3280373115382,-71.098374156414&z=18"
"September 05, 2017 at 06:57PM",entered,"https://maps.google.com/?q=42.3280373115382,-71.098374156414&z=18"
"September 05, 2017 at 08:13PM",exited,"https://maps.google.com/?q=42.3280373115382,-71.098374156414&z=18"
"September 08, 2017 at 05:30PM",entered,"https://maps.google.com/?q=42.3280373115382,-71.098374156414&z=18"
"September 08, 2017 at 06:45PM",exited,"https://maps.google.com/?q=42.3280373115382,-71.098374156414&z=18"
"September 11, 2017 at 06:58PM",entered,"https://maps.google.com/?q=42.3280373115382,-71.098374156414&z=18"
"September 11, 2017 at 08:03PM",exited,"https://maps.google.com/?q=42.3280373115382,-71.098374156414&z=18"
"September 14, 2017 at 05:00PM",entered,"https://maps.google.com/?q=42.3280373115382,-71.098374156414&z=18"
"September 14, 2017 at 06:14PM",exited,"https://maps.google.com/?q=42.3280373115382,-71.098374156414&z=18"
"September 15, 2017 at 06:19AM",entered,"https://maps.google.com/?q=42.3280373115382,-71.098374156414&z=18"
"September 15, 2017 at 06:20AM",exited,"https://maps.google.com/?q=42.3280373115382,-71.098374156414&z=18"
"September 17, 2017 at 11:39PM",entered,"https://maps.google.com/?q=42.3280373115382,-71.098374156414&z=18"
"September 17, 2017 at 11:44PM",exited,"https://maps.google.com/?q=42.3280373115382,-71.098374156414&z=18"
"September 19, 2017 at 05:26PM",entered,"https://maps.google.com/?q=42.3280373115382,-71.098374156414&z=18"
"September 19, 2017 at 06:38PM",exited,"https://maps.google.com/?q=42.3280373115382,-71.098374156414&z=18"
"September 21, 2017 at 06:55PM",entered,"https://maps.google.com/?q=42.3280373115382,-71.098374156414&z=18"
"September 21, 2017 at 08:15PM",exited,"https://maps.google.com/?q=42.3280373115382,-71.098374156414&z=18"
"September 22, 2017 at 05:29PM",entered,"https://maps.google.com/?q=42.3280373115382,-71.098374156414&z=18"
"September 22, 2017 at 06:48PM",exited,"https://maps.google.com/?q=42.3280373115382,-71.098374156414&z=18"
"September 24, 2017 at 06:58PM",exited,"https://maps.google.com/?q=42.3280373115382,-71.098374156414&z=18"
"September 25, 2017 at 05:23PM",entered,"https://maps.google.com/?q=42.3280373115382,-71.098374156414&z=18"
"September 25, 2017 at 06:31PM",exited,"https://maps.google.com/?q=42.3280373115382,-71.098374156414&z=18"
"September 26, 2017 at 06:58PM",entered,"https://maps.google.com/?q=42.3280373115382,-71.098374156414&z=18"
"September 26, 2017 at 08:00PM",exited,"https://maps.google.com/?q=42.3280373115382,-71.098374156414&z=18"